Tags,Occurences
men,53292
women,36053
portraits,26451
flowers,20200
birds,8306
trees,8096
figures,7545
leaves,7383
human,7198
athletes,6862
actresses,6744
profiles,6279
dresses,5637
baseball,5411
landscapes,4926
nudes,4900
animals,4775
buildings,4673
architecture,4355
houses,3727
horse,3676
riding,3676
bowls,3313
horses,3123
female,3121
arms,3114
coat,3102
dogs,3084
actors,3072
boats,3051
carriages,2907
tools,2871
equipment,2778
objects,2718
abstraction,2647
heads,2613
christ,2531
boys,2491
bottles,2474
girls,2452
vases,2419
books,2404
soldiers,2355
ornament,2247
angels,2152
seals,2038
satire,2007
lions,1980
children,1951
sculpture,1934
saint,1906
faces,1868
mountains,1808
male,1779
hieroglyphs,1713
saints,1656
ships,1651
instruments,1640
musical,1640
water,1621
bodies,1610
interiors,1572
mary,1553
dishes,1503
flags,1460
dragons,1456
virgin,1422
swords,1385
fish,1377
war,1326
jars,1311
cups,1259
utilitarian,1240
plants,1201
bridges,1192
cross,1179
working,1151
rivers,1138
scarabs,1113
infants,1092
madonna,1057
child,1032
buddhism,1023
pendants,1021
fans,1014
jewelry,1005
crowd,1003
cities,999
deer,996
jugs,993
coins,984
earrings,967
streets,964
columns,919
kings,901
drinking,897
playing,897
fruit,895
weapons,891
putti,882
arches,865
lamps,862
butterflies,851
netsuke,847
dancing,827
insignia,815
eagles,812
ruins,810
cupid,789
chairs,787
funerary,781
american,775
creatures,756
mythical,756
churches,724
mirrors,707
civil,694
firearms,689
musicians,685
tables,683
satyrs,674
cars,672
cows,663
reading,657
scene,648
jesus,643
insects,637
military,634
boxing,633
moon,627
cuneiform,624
dancers,624
bulls,616
world,616
street,614
masks,612
john,605
cards,598
windows,598
crucifixion,596
cinema,593
rings,589
cats,588
battles,582
writing,582
couples,570
roses,570
lighting,550
saucers,535
goddess,532
hills,530
smoking,530
hands,523
snakes,517
grapes,515
family,509
robes,507
death,506
gardens,501
elephants,485
cartouches,484
roads,477
buddha,475
candlesticks,475
beakers,474
shields,474
games,472
clouds,471
teapots,464
baptist,458
monkeys,456
ewers,455
arrow,454
bow,454
temples,454
capitals,442
hunting,441
boxes,440
peacocks,435
bodhisattvas,433
sheep,432
correspondence,425
glasses,424
sleeping,421
watches,420
measures,417
weights,417
spears,411
beads,410
bracelets,409
arabic,405
chess,404
chariots,403
costumes,402
self,394
garlands,393
goats,393
george,392
seas,391
ceremonial,388
roosters,387
snow,387
life,386
greek,379
documents,374
venus,369
shepherds,368
towers,368
fountains,367
politics,367
skeletons,364
generals,362
ducks,361
medallions,357
trays,353
rabbits,352
mothers,346
necklaces,344
poetry,344
donkeys,339
hats,339
monuments,338
coptic,332
implements,330
still,330
forests,329
cranes,325
gandhara,324
washington,320
calligraphy,319
food,319
suffering,316
tombs,312
beds,310
fishing,303
sphinx,299
doors,297
gates,297
hinduism,285
deities,283
castles,281
shells,279
stairs,279
hercules,278
waterfalls,278
holy,277
music,277
artists,276
skulls,276
adoration,274
fashion,274
pocket,274
griffins,273
clocks,266
furniture,266
cannons,265
apostles,263
pins,263
tigers,262
palaces,260
parks,257
ceilings,255
waves,255
spectators,254
demons,252
beaches,249
lakes,249
sadness,249
burners,247
incense,247
queens,245
towns,243
camels,242
painting,242
doorways,239
swans,239
fireplaces,238
liturgical,238
dining,237
nymphs,237
armor,234
frogs,233
tents,233
vestments,233
cosmetic,231
sports,230
vines,230
lotuses,229
rams,228
cabinets,226
signs,223
arrowheads,221
wreaths,221
bathing,220
apollo,218
bamboo,218
railways,218
chinoiserie,217
owls,217
flutes,216
badges,213
villages,210
helmets,204
tea,203
annunciation,202
jainism,201
trains,201
urns,200
altars,199
boars,199
eros,197
fire,196
jockeys,196
bears,193
feet,193
magdalene,193
theatre,191
factories,190
cameos,187
docks,187
maps,187
night,187
drums,184
turtles,184
amulets,183
army,183
canals,182
seascapes,182
serpents,181
bats,179
peter,179
pitchers,178
napoleon,177
bedrooms,176
chickens,176
planes,174
dolphins,173
eve,172
candelabra,171
pigs,170
parrots,169
adam,168
grotesques,168
navy,168
centaurs,167
axes,166
balconies,166
lovers,165
magi,165
walking,165
foxes,164
sun,164
violins,163
eyes,162
paul,161
palmettes,159
stars,158
emblems,157
servants,157
nativity,154
peonies,153
prisons,153
keys,152
ladders,152
containers,150
coffeepots,149
farms,149
princes,149
knives,148
basins,147
falcons,147
hotels,146
dance,145
winter,145
jerome,143
brooches,141
evangelist,138
markets,138
monks,138
obelisks,138
diana,137
joseph,135
advertisements,134
bacchus,134
rain,134
shoes,134
benjamin,132
franklin,132
jupiter,132
swimming,132
dolls,131
mice,131
screens,131
crocodiles,130
feathers,130
goblets,129
catherine,128
curtains,128
harps,128
scrolls,127
leopards,126
museums,126
abraham,123
last,123
mercury,123
sky,122
corpses,121
evening,121
bishops,120
bicycles,118
bobbins,118
athena,117
party,117
horns,116
popes,116
couches,114
globes,114
monsters,114
caricature,113
desks,113
fortification,113
chests,112
palms,112
unicorns,112
caryatids,111
daoism,111
windmills,111
devil,110
reliquaries,110
psyche,109
revolution,109
vegetables,109
censers,108
performance,108
coffins,107
burial,106
herakles,106
trumpets,106
courtyards,105
neptune,105
ritual,105
dragonflies,104
guitars,104
crabs,103
dionysus,103
entombment,103
punishment,103
storms,103
rooms,102
doves,101
grounds,101
carts,100
tureens,100
moses,99
qur,99
sleighs,99
crowns,98
david,98
lambs,97
cornucopia,96
apples,94
arrows,94
candles,94
contemplation,94
horus,94
lutes,94
mars,94
squirrels,93
wars,93
caddy,92
prisoners,92
francis,91
kashmir,91
knights,91
pheasants,91
princesses,91
shakespeare,91
krishna,90
barns,89
daggers,89
transportation,88
trophies,88
worshiping,88
fear,87
industry,87
poets,87
schools,87
vishnu,87
fireworks,86
avalokiteshvara,85
burials,85
circus,85
jackets,85
love,84
autumn,83
hair,83
roofs,83
scarves,83
air,82
clowns,82
maenads,82
muses,82
snails,82
spring,82
gods,81
kitchens,81
sailors,81
alexander,80
anne,80
great,80
minerva,80
restaurants,80
shiva,80
aphrodite,78
buffalos,78
historical,78
isis,78
hammers,77
toys,77
chalices,76
doctors,76
lamentation,75
lilies,75
benches,74
farmers,74
illness,74
acanthus,73
calendars,73
eating,73
judith,73
mosques,73
pegasus,73
apocalypse,72
ladles,72
stools,72
wells,72
fences,71
louis,71
juno,70
triton,70
astronomy,69
ceremony,69
hilts,69
bes,68
christopher,68
mermaids,68
science,68
funerals,67
medusa,67
washing,67
zodiac,66
cooking,65
execution,65
supper,65
living,64
lizards,64
railway,64
stations,64
diadems,63
fauns,63
wagons,63
caves,62
entertainment,62
gadrooning,62
phoenix,62
photography,62
pianos,62
valley,62
archangel,61
gabriel,61
pomegranates,61
summer,61
hawks,60
silenus,60
taweret,60
admirals,59
anthony,59
geese,59
sibyl,59
tablets,59
judgement,58
lobsters,58
matthew,58
michael,58
money,58
ponds,58
students,58
bagpipes,57
dice,57
hermes,57
scorpions,57
daily,56
deserts,56
queen,56
victoria,56
watermills,56
acrobats,55
bees,55
dressing,55
fathers,55
police,55
subways,54
umbrellas,54
balloons,53
happiness,53
running,53
streams,53
xiv,53
anklet,52
assumption,52
sarcophagus,52
cathedrals,51
father,51
god,51
hathor,50
holofernes,50
ibex,50
libraries,50
volcanoes,50
aeneas,49
fluting,49
hospitals,49
ice,49
murals,49
singers,49
baboons,48
caesar,48
cypresses,48
julius,48
lincoln,48
morning,48
nike,48
peaches,48
tulips,48
acorns,47
baptism,47
drunkenness,47
hippos,47
rowing,47
vulcan,47
adonis,46
drawing,46
eggs,46
perseus,46
anger,45
ceres,45
christmas,45
gupta,45
hieratic,45
pigeons,45
roman,45
wine,45
zeus,45
clothing,44
descent,44
inns,44
orientalist,44
samson,44
sundials,44
amazons,43
billiards,43
birth,43
indus,43
kettles,43
mummies,43
trucks,43
bacchantes,42
bread,42
gloves,42
hot,42
oaks,42
daisies,41
poppies,41
singing,41
weddings,41
abbeys,40
dart,40
egg,40
headrests,40
teachers,40
boots,39
gardeners,39
mark,39
massacres,39
orpheus,39
post,39
baskets,38
footwear,38
manjushri,38
pyramids,38
artemis,37
cleopatra,37
literature,37
maitreya,37
skating,37
augustus,36
emperor,36
ganesha,36
shunga,36
europa,35
gambling,35
sewing,35
wind,35
ariadne,34
croziers,34
genre,34
lyres,34
merchants,34
leda,33
pavilions,33
pears,33
transports,33
cloisters,32
gourds,32
agriculture,31
cauldrons,31
dawn,31
durga,31
lawrence,31
orchids,31
pastoral,31
telescopes,31
allegory,30
persian,30
scales,30
victory,30
warehouses,30
demonstrations,29
floods,29
lafayette,29
marquis,29
sailing,29
turkeys,29
emperors,28
mythology,28
oceans,28
octopus,28
opera,28
streetcars,28
buses,27
cellos,27
elections,27
hell,27
rainbows,27
shakyamuni,27
vessels,27
anubis,26
cradles,26
demotic,26
manuscripts,26
sirens,26
abel,25
bathrooms,25
lemons,25
taverns,25
tunnels,25
cain,24
cherries,24
fires,24
galatea,24
offices,24
poseidon,24
slavery,24
sunflowers,24
tennis,24
whales,24
antoinette,23
dressers,23
easter,23
geometry,23
helen,23
law,23
marie,23
medals,23
samurai,23
tabernacles,23
trojan,23
amun,22
ankh,22
blacksmiths,22
jackals,22
judas,22
lanterns,22
magicians,22
seahorses,22
theseus,22
tombstones,22
giraffes,21
narcissus,21
resurrection,21
saturn,21
baptismal,20
fonts,20
french,20
legs,20
mandolins,20
philosophers,20
strawberries,20
stupas,20
chapels,19
culinary,19
fairies,19
japanese,19
mouths,19
newspapers,19
parvati,19
shipwrecks,19
swat,19
transport,19
andromeda,18
bearing,18
bells,18
cemeteries,18
gandharan,18
mathematics,18
rosaries,18
spiders,18
television,18
uniforms,18
xvi,18
andhra,17
kushan,17
mathura,17
maurya,17
mauryan,17
pinecones,17
prostitutes,17
achilles,16
bathsheba,16
bible,16
cheetahs,16
government,16
needlework,16
parasols,16
rats,16
violas,16
amphitheatres,15
brahma,15
butchers,15
commodes,15
concerts,15
corn,15
eggplants,15
hourglasses,15
iii,15
organs,15
pan,15
pelicans,15
visitation,15
actaeon,14
body,14
bubbles,14
elizabeth,14
jason,14
leisure,14
medicine,14
panthers,14
parts,14
processions,14
zebras,14
anatomy,13
antelope,13
bakers,13
crayfish,13
diogenes,13
esther,13
golf,13
job,13
joshua,13
lockets,13
medea,13
motorcycles,13
olive,13
pipes,13
accordions,12
celestial,12
chaises,12
football,12
genie,12
heaven,12
henry,12
innocence,12
magic,12
noah,12
nurses,12
salamanders,12
shintÂç,12
viii,12
wrestling,12
columbus,11
fog,11
harpokrates,11
midas,11
nero,11
pens,11
phoenician,11
sekhmet,11
sledging,11
socrates,11
vajrapani,11
archery,10
architects,10
argonauts,10
camps,10
early,10
education,10
hermaphrodites,10
hippocamps,10
iphigenia,10
lightning,10
minotaurs,10
pentecost,10
satavahana,10
shops,10
